{
  "model": "UBFC-rPPG_DeepPhys",
  "n_subjects": 4,
  "evaluation_method": "FFT",
  "bvp_bandpass_hz": [
    0.6,
    3.3
  ],
  "aggregate_metrics": {
    "MAE": {
      "value": 1.185302455021077,
      "se": 0.6890465093442832,
      "unit": "bpm"
    },
    "RMSE": {
      "value": 1.8177134752312196,
      "se": 1.6074562205091218,
      "unit": "bpm"
    },
    "MAPE": {
      "value": 1.5557709006905653,
      "se": 0.8462378951450326,
      "unit": "%"
    },
    "Pearson": {
      "value": 0.9803948612442912,
      "se": 0.13933039159814883,
      "unit": ""
    },
    "SNR": {
      "value": 2.638091869130262,
      "se": 0.5541367504205477,
      "unit": "dB"
    }
  },
  "per_subject": [
    {
      "name": "S_000",
      "predicted_heartrate": 78.662109375,
      "real_heartrate": 78.675,
      "heartrate_error": -0.012890624999997158,
      "snr_db": 2.2168301068549106
    },
    {
      "name": "S_001",
      "predicted_heartrate": 77.34375,
      "real_heartrate": 80.84146341463415,
      "heartrate_error": -3.4977134146341484,
      "snr_db": 1.016197311160347
    },
    {
      "name": "S_003",
      "predicted_heartrate": 61.962890625,
      "real_heartrate": 62.91358024691358,
      "heartrate_error": -0.9506896219135825,
      "snr_db": 3.754098061794773
    },
    {
      "name": "S_004",
      "predicted_heartrate": 75.5859375,
      "real_heartrate": 75.86585365853658,
      "heartrate_error": -0.2799161585365795,
      "snr_db": 3.565241996711018
    }
  ]
}