name,predicted_heartrate,real_heartrate,heartrate_error,blink_rate
S_000,88.330078125,85.6375,2.692578124999997,24.630177514792898
S_001,98.876953125,87.14285714285714,11.734095982142861,31.4410480349345
S_002,71.19140625,68.44444444444444,2.746961805555557,32.20153340635268
S_003,80.419921875,79.9625,0.4574218749999943,26.009633197480547
S_004,72.509765625,69.16,3.3497656250000034,30.769230769230774
