name,predicted_heartrate,real_heartrate,heartrate_error,snr_db
S_000,88.330078125,83.935546875,4.39453125,7.441427018579516
S_001,87.01171875,44.82421875,42.1875,-1.4170669872447403
S_002,71.19140625,68.994140625,2.197265625,2.454487325662673
S_003,80.419921875,80.419921875,0.0,2.8942368513601417
S_004,72.509765625,37.79296875,34.716796875,0.3869999476244935
