name,predicted_heartrate,real_heartrate,heartrate_error,blink_rate
S_000,80.419921875,80.49295774647888,-0.07303587147887924,30.845392231530845
S_001,87.890625,87.97101449275362,-0.08038949275362484,30.240549828178697
S_002,73.388671875,74.01282051282051,-0.624148637820511,29.387755102040817
S_003,65.0390625,65.45121951219512,-0.4121570121951237,28.799999999999997
S_004,76.46484375,76.82558139534883,-0.36073764534883423,33.65079365079365
