name,predicted_heartrate,real_heartrate,heartrate_error,blink_rate
S_000,88.330078125,81.298828125,7.03125,24.630177514792898
S_001,87.01171875,93.603515625,-6.591796875,31.4410480349345
S_002,71.19140625,71.19140625,0.0,32.20153340635268
S_003,80.419921875,80.419921875,0.0,26.009633197480547
S_004,72.509765625,36.474609375,36.03515625,30.769230769230774
